feature,proportion
categorical,0.35169491525423674
visual,0.4279661016949145
predicate,0.22033898305084726
