model,uniform bic,frequency bic,multiple uniform bic,multiple frequency bic
baseline,2717.3927898357424,2470.8168819546,2717.3927898357424,2470.8168819546
categorical,2092.8137040262404,1863.0389095692606,2092.8143469750594,1863.0385328082539
visual,2041.4833405045829,1816.684920356246,2041.4773875872231,1816.67614235344
predicate,2071.858006468683,1852.7521391290234,2071.8593646661684,1852.7563932051348
cat. + vis.,1903.5504681646257,1682.0488565610501,1869.197824631734,1647.7448841722485
cat. + pred.,1870.7097029184088,1646.382807235142,1874.211313505268,1649.9903670410586
vis. + pred.,1947.375400755649,1731.7105161925952,1904.0412948327014,1689.5988567648383
all features,1812.0643343497368,1592.4428558804045,1799.1244327437257,1582.600192955038
