model,frequency bic,uniform bic
baseline,2470.8168819546,2717.3927898357424
categorical,1863.0481415261809,2092.8144594490705
visual,1816.6628352350103,2041.6405729959902
predicate,1852.7791936127464,2071.8602689768904
cat. + vis.,1682.0473421763033,1903.5510057735755
cat. + pred.,1646.3783259240995,1870.7134080414144
vis. + pred.,1731.7160023859678,1947.369713490852
all features,1592.4438082583044,1812.0542626881302
